Method,Total_Return,Annual_Return,Volatility,Sharpe_Ratio,Max_Drawdown,Final_Value,Data_Points
equal_weight,-1.0,-25.69096166197089,3.127724781231838,-8.220340170673444,1.0,7.379184559469198e-32,590
simple_rf_enhanced,-1.0,-25.245410287429507,3.1290953096032594,-8.07434986396529,1.0,2.5127601546235354e-31,590
