Method,Total_Return,Annual_Return,Volatility,Sharpe_Ratio,Max_Drawdown,VaR95%,CVaR95%,Calmar_Ratio
equal_weight,2.086824787187352,0.16259962938537925,0.2717246831000852,0.5247945374651706,0.47856215003027924,0.024436814828278197,0.038624806498542504,0.3397670070127597
