{
  "max_sharpe": {
    "method": "Maximum Sharpe Ratio",
    "expected_return": 0.1710482528651919,
    "volatility": 0.24826540413946002,
    "sharpe_ratio": 0.6084144240264037,
    "weights": {
      "AXP": 0.19999999999999907,
      "BAC": 0.01000000000000058,
      "BK": 0.01,
      "C": 0.01,
      "CB": 0.2,
      "COF": 0.01,
      "GS": 0.10000000000000263,
      "JPM": 0.2,
      "MS": 0.19999999999999987,
      "PNC": 0.01,
      "SCHW": 0.01,
      "STT": 0.01,
      "TFC": 0.01,
      "USB": 0.01,
      "WFC": 0.01
    }
  },
  "min_volatility": {
    "method": "Minimum Volatility",
    "expected_return": 0.15545182958817674,
    "volatility": 0.2381116740353171,
    "sharpe_ratio": 0.5688584154344584,
    "weights": {
      "AXP": 0.11093556053648009,
      "BAC": 0.010000000000000049,
      "BK": 0.2,
      "C": 0.01,
      "CB": 0.2,
      "COF": 0.01,
      "GS": 0.1598766889043275,
      "JPM": 0.2,
      "MS": 0.01,
      "PNC": 0.01,
      "SCHW": 0.01641954298383303,
      "STT": 0.01,
      "TFC": 0.01,
      "USB": 0.0327682075753593,
      "WFC": 0.01
    }
  },
  "target_return": {
    "method": "Target Return (17.1%)",
    "expected_return": 0.17101201285647172,
    "volatility": 0.24822009580167773,
    "sharpe_ratio": 0.6083794801897383,
    "weights": {
      "AXP": 0.2,
      "BAC": 0.010000000000000047,
      "BK": 0.01,
      "C": 0.010000000000000002,
      "CB": 0.19999999999999993,
      "COF": 0.010000000000000021,
      "GS": 0.10147799841393554,
      "JPM": 0.2,
      "MS": 0.19852200158606445,
      "PNC": 0.010000000000000038,
      "SCHW": 0.010000000000000024,
      "STT": 0.01,
      "TFC": 0.010000000000000035,
      "USB": 0.01,
      "WFC": 0.01
    }
  },
  "equal_weight": {
    "method": "Equal Weight",
    "expected_return": 0.14251001071626826,
    "volatility": 0.2656815633832945,
    "sharpe_ratio": 0.46111596588102366,
    "weights": {
      "AXP": 0.06666666666666667,
      "BAC": 0.06666666666666667,
      "BK": 0.06666666666666667,
      "C": 0.06666666666666667,
      "CB": 0.06666666666666667,
      "COF": 0.06666666666666667,
      "GS": 0.06666666666666667,
      "JPM": 0.06666666666666667,
      "MS": 0.06666666666666667,
      "PNC": 0.06666666666666667,
      "SCHW": 0.06666666666666667,
      "STT": 0.06666666666666667,
      "TFC": 0.06666666666666667,
      "USB": 0.06666666666666667,
      "WFC": 0.06666666666666667
    }
  }
}