Strategy,Initial_Value,Final_Value,Total_Return,Data_Points
equal_weight,100.0,135.39319004415202,0.35393190044152023,231
rf_enhanced,100.0,135.31449764871203,0.3531449764871204,231
